/games/star-arena,star-arena
/games/tonga,tonga
/games/i-zombie,i-zombie
/games/fish-feaster,fish-feaster
/games/sheared,sheared
/games/didgery,didgery
/games/doctor-kvorak,doctor-kvorak
/games/cloaks-and-spells,cloaks-and-spells
/games/pizzap-mania,pizzap-mania
/games/frompulse,frompulse
/games/galatron,galatron
/games/mirths-magical-quest,mirths-magical-quest
/games/black-island,black-island
/games/roam,roam
/games/explodimals,explodimals
/games/lens,lens
/games/ai-war-alien-bundle,ai-war-alien-bundle
/games/the-tiny-tale,the-tiny-tale
/games/twinturbo,twinturbo
/games/vox,vox
/games/king-arthurs-gold,king-arthurs-gold
/games/dream-chamber,dream-chamber
/games/organ-trail-directors-cut,organ-trail-directors-cut
/games/carwar,carwar
/games/mikhails-magical-masquerade,mikhails-magical-masquerade
/games/maze-of-torment,maze-of-torment
/games/eye,eye
/games/project-null,project-null
/games/nethergate-resurrection,nethergate-resurrection
/games/less-than-three,less-than-three
