/games/back-to-the-west,back-to-the-west
/games/zombie-grinder,zombie-grinder
/games/retrobooster,retrobooster
/games/salmon-physics,salmon-physics
/games/legend-of-dungeon,legend-of-dungeon
/games/lupi,lupi
/games/binary-flow-2,binary-flow-2
/games/braveland,braveland
/games/anti-runner,anti-runner
/games/lil-smasher,lil-smasher
/games/acme-planetary-defense,acme-planetary-defense
/games/fearless-bob,fearless-bob
/games/tricirsquare,tricirsquare
/games/lands-of-ammox,lands-of-ammox
/games/colopop,colopop
/games/rocketron-the-traveling-planet,rocketron-the-traveling-planet
/games/trashcan-2346,trashcan-2346
/games/hawks-guardians-of-the-skies,hawks-guardians-of-the-skies
/games/football-dream,football-dream
/games/pandy-dash,pandy-dash
/games/life-goes-on,life-goes-on
/games/catena,catena
/games/drive-help,drive-help
/games/robolegs,robolegs
/games/supertuxkart,supertuxkart
/games/pig-out,pig-out
/games/bleak,bleak
/games/in-vivo,in-vivo
/games/10-fantasy-fights,10-fantasy-fights
/games/dusk-rift,dusk-rift
